

/*CARGA DE DATOS DE LA TABLA PRODUCTOS*/

INSERT INTO PRODUCTO VALUES ('P0000001','arroz','graneado',3.50,100);
INSERT INTO PRODUCTO VALUES ('P0000002','aceite','oliva',2.50,100);
INSERT INTO PRODUCTO VALUES ('P0000003','fideo','molitalia',1.50,100);
INSERT INTO PRODUCTO VALUES ('P0000004','san mateo','agua de 3L',5.00,100);
INSERT INTO PRODUCTO VALUES ('P0000005','nick','galleta de costa',3.00,100);
INSERT INTO PRODUCTO VALUES ('P0000006','avena','3 ositos',4.00,100);
INSERT INTO PRODUCTO VALUES ('P0000007','atun','grate',3.00,50);
INSERT INTO PRODUCTO VALUES ('P0000008','papel higienico','suave 2 rollos',2.00,80);
INSERT INTO PRODUCTO VALUES ('P0000009','huevo','por kilo',2.00,100);
INSERT INTO PRODUCTO VALUES ('P0000010','gaseosa','coca cola 3 litros',7.00,100);
INSERT INTO PRODUCTO VALUES ('P0000011','leche','gloria grande',3.50,100);


/*CARGA DE DATOS DE LA TABLA TRABAJADORES*/

INSERT INTO TRABAJADOR VALUES ('T0000001','Juan','Yucra','987654321','Olivos','admi','admi','Administrador');
INSERT INTO TRABAJADOR VALUES ('T0000002','Pedro','Alvarez','998765432','Surco','empleado1','pedro','Empleado');
INSERT INTO TRABAJADOR VALUES ('T0000003','Carlos','Medina','987654333','Lurin','empleado2','carlos','Empleado');

/*CARGA DE DATOS DE LA TABLA DE CLIENTES*/

INSERT INTO CLIENTE VALUES ('33333333','Arnulfo','Perez','987654326');
INSERT INTO CLIENTE VALUES ('44444444','Pepe','Perales','987654322');
INSERT INTO CLIENTE VALUES ('55555555','Coco','Garmendia','987654323');
INSERT INTO CLIENTE VALUES ('66666666','Luis','Soto','987654324');
INSERT INTO CLIENTE VALUES ('77777777','Carlos','Diaz','987654325');

/*CARGA DE DATOS DE LA TABLA PEDIDOS*/

INSERT INTO PEDIDO VALUES ('B0000004','33333333','T0000003','01-01-2019','01-01-2019',13.00);
INSERT INTO PEDIDO VALUES ('B0000005','44444444','T0000003','01-01-2019','01-01-2019',10.00);
INSERT INTO PEDIDO VALUES ('B0000006','55555555','T0000003','01-01-2019','01-01-2019',7.00);
INSERT INTO PEDIDO VALUES ('B0000007','66666666','T0000002','02-01-2019','02-01-2019',17.00);
INSERT INTO PEDIDO VALUES ('B0000008','33333333','T0000002','02-01-2019','02-01-2019',3.00);

/*CARGA DE DATOS DE LA TABLA PRODUCTO_PEDIDO*/

INSERT INTO PRODUCTO_PEDIDO VALUES ('B0000004','P0000004',2, 10.00);
INSERT INTO PRODUCTO_PEDIDO VALUES ('B0000004','P0000005',1, 3.00);

INSERT INTO PRODUCTO_PEDIDO VALUES ('B0000005','P0000006',1, 4.00);
INSERT INTO PRODUCTO_PEDIDO VALUES ('B0000005','P0000001',1, 3.50);
INSERT INTO PRODUCTO_PEDIDO VALUES ('B0000005','P0000002',1, 2.50);

INSERT INTO PRODUCTO_PEDIDO VALUES ('B0000006','P0000010',1, 7.00);

INSERT INTO PRODUCTO_PEDIDO VALUES ('B0000007','P0000011',3, 7.00);
INSERT INTO PRODUCTO_PEDIDO VALUES ('B0000007','P0000008',5, 10.00);

INSERT INTO PRODUCTO_PEDIDO VALUES ('B0000008','P0000003',2, 3.00);

